"guide","point_est","gene_name","lower_ci","upper_ci","p_onetail","p_twotail","fdr"
"Actr8_1",0.703237497524406,"Actr8",0.633158812863895,0.852088676027519,0,0,0
"Actr8_2",0.726578771392251,"Actr8",0.539344416853574,0.827274631852593,0,0,0
"Actr8_3",0.743947578297232,"Actr8",0.694464759207573,0.813134577230987,0,0,0
"Aebp2_1",1.00852409131473,"Aebp2",0.883986529045325,1.09818795317824,0.4,0.8,0.845776566757493
"Aebp2_2",0.959993530285878,"Aebp2",0.882354057054233,1.05402963459427,0.2,0.4,0.570588235294118
"Aebp2_3",0.969573193166997,"Aebp2",0.880826710310591,1.12981753710229,0.3,0.6,0.736708860759494
"Alkbh3_1",1.13177851735342,"Alkbh3",0.96446409429038,1.36046820572325,0.2,0.4,0.570588235294118
"Alkbh3_2",0.930629413680579,"Alkbh3",0.806325900486628,1.02395109097376,0.1,0.2,0.335930735930736
"Alkbh3_3",1.0530326754891,"Alkbh3",0.953359203804607,1.14576982471229,0.2,0.4,0.570588235294118
"Arid1a_1",1.40837247947324,"Arid1a",1.27869774883815,1.55046317784261,0,0,0
"Arid1a_3",1.17811486967354,"Arid1a",1.03911129010461,1.42040947702144,0,0,0
"Arid2_1",0.967868157565063,"Arid2",0.81886639097226,1.11258700786022,0.4,0.8,0.845776566757493
"Arid2_2",0.799218574278533,"Arid2",0.723357638734905,0.909599500596491,0,0,0
"Arid2_3",0.850993127021862,"Arid2",0.755400459007684,1.03688943454797,0.1,0.2,0.335930735930736
"Arid4a_1",1.22139855757412,"Arid4a",1.06843238990983,1.39704696673883,0,0,0
"Arid4a_2",1.64496423022253,"Arid4a",1.25808903107761,1.88360952559421,0,0,0
"Arid4a_3",1.74791882422806,"Arid4a",1.5289579721997,1.97755919691295,0,0,0
"Arid4b_1",0.83526162701951,"Arid4b",0.698603780393987,1.00604940011257,0.1,0.2,0.335930735930736
"Arid4b_2",0.937636090137817,"Arid4b",0.856474387377309,1.00453770720531,0.3,0.6,0.736708860759494
"Arid4b_3",0.822267554636113,"Arid4b",0.750671367207213,0.887458021834771,0,0,0
"Ash1l_1",1.02423444598399,"Ash1l",0.878153616916422,1.18556581932091,0.4,0.8,0.845776566757493
"Ash1l_2",1.01592984413688,"Ash1l",0.838017884338568,1.22198149990065,0.4,0.8,0.845776566757493
"Ash1l_3",1.051225313862,"Ash1l",0.946954788591173,1.14352131371246,0.2,0.4,0.570588235294118
"Ash2l_1",1.28160849557202,"Ash2l",1.11158594355716,1.46629537856648,0,0,0
"Ash2l_2",1.82105540861806,"Ash2l",1.40297905164403,2.15936030519135,0,0,0
"Ash2l_3",1.05025475247321,"Ash2l",0.942802606336389,1.20645245800949,0.4,0.8,0.845776566757493
"Asxl1_1",0.737607879668225,"Asxl1",0.652053056666286,0.854802182718772,0,0,0
"Asxl1_2",0.983916520213666,"Asxl1",0.83434424448516,1.09412018397244,0.5,1,1
"Asxl1_3",1.23363042882433,"Asxl1",1.07973508497972,1.30536829260235,0,0,0
"Asxl2_1",1.47879026639186,"Asxl2",1.25412382754474,1.83686258582017,0,0,0
"Asxl2_2",1.64688452851643,"Asxl2",1.48028549680392,1.87507645223391,0,0,0
"Asxl2_3",1.99962350132414,"Asxl2",1.7422953518236,2.37888694617002,0,0,0
"Atf2_1",1.09041976860431,"Atf2",0.923731497920363,1.19474932097256,0.1,0.2,0.335930735930736
"Atf2_2",0.955748556764023,"Atf2",0.899235281788862,1.0097523113389,0.2,0.4,0.570588235294118
"Atf2_3",1.01602391630361,"Atf2",0.912633166913476,1.10888043940136,0.4,0.8,0.845776566757493
"Atf7ip_1",1.1159085024539,"Atf7ip",1.0246077477487,1.28262329874085,0,0,0
"Atf7ip_2",0.950093043876169,"Atf7ip",0.830171896826353,1.07167948466923,0.3,0.6,0.736708860759494
"Atf7ip_3",1.14901522432016,"Atf7ip",1.06263812598773,1.2428530150507,0,0,0
"Atrx_1",1.20213048308218,"Atrx",1.05168132264475,1.3979412729368,0,0,0
"Atrx_2",0.992151683359884,"Atrx",0.900131010152747,1.11415775882636,0.4,0.8,0.845776566757493
"Atrx_3",0.822687623382623,"Atrx",0.690363855586353,0.985975208717785,0.1,0.2,0.335930735930736
"Bag6_1",1.10975575500828,"Bag6",0.954033181457909,1.32733578883118,0.2,0.4,0.570588235294118
"Bag6_2",1.09428962984864,"Bag6",0.951163895231537,1.39412542653373,0.3,0.6,0.736708860759494
"Bag6_3",0.951553410892951,"Bag6",0.904374727640187,1.0335189942593,0.1,0.2,0.335930735930736
"Bap1_1",0.654268571552788,"Bap1",0.569977091867365,0.742059068330116,0,0,0
"Bap1_2",0.7564323019216,"Bap1",0.690529667500246,0.828769185199536,0,0,0
"Bap1_3",0.758781652496896,"Bap1",0.662260926255163,0.895857367648838,0,0,0
"Baz1a_1",1.08605159959856,"Baz1a",0.871921811062092,1.23849801887221,0.3,0.6,0.736708860759494
"Baz1a_2",1.01064661697511,"Baz1a",0.949657560504886,1.07436517683116,0.5,1,1
"Baz1a_3",0.900990638632965,"Baz1a",0.830992937754457,1.04361441500968,0.1,0.2,0.335930735930736
"Baz1b_1",1.0219017881443,"Baz1b",0.813755947033203,1.16445224278008,0.4,0.8,0.845776566757493
"Baz1b_2",1.06444401928256,"Baz1b",0.899477359410742,1.20913998270433,0.2,0.4,0.570588235294118
"Baz1b_3",1.05283886376715,"Baz1b",0.881629195136118,1.15983491022091,0.1,0.2,0.335930735930736
"Baz2a_1",1.01030347351956,"Baz2a",0.912755153597911,1.13016712322849,0.5,1,1
"Baz2a_2",0.793172328956814,"Baz2a",0.71200376439714,0.855277681676434,0,0,0
"Baz2a_3",1.07328753156389,"Baz2a",0.940380843214063,1.17203870840465,0.1,0.2,0.335930735930736
"Baz2b_1",0.898021662585308,"Baz2b",0.790814446238895,1.06244316120211,0.2,0.4,0.570588235294118
"Baz2b_2",1.21826235715598,"Baz2b",1.1019246838652,1.34783326181875,0,0,0
"Baz2b_3",1.07296105107657,"Baz2b",0.960335671421975,1.22577646633805,0.3,0.6,0.736708860759494
"Bptf_1",1.04661108772087,"Bptf",0.965481995513949,1.17636135935961,0.4,0.8,0.845776566757493
"Bptf_2",0.746266631177548,"Bptf",0.651673395248063,0.810352413181044,0,0,0
"Bptf_3",0.851466690778669,"Bptf",0.718053557532194,0.98669224853147,0.1,0.2,0.335930735930736
"Brd1_1",1.17423030258217,"Brd1",1.04885232805916,1.36517450771214,0,0,0
"Brd1_2",1.15717275357734,"Brd1",1.01079795471424,1.29480013675278,0.1,0.2,0.335930735930736
"Brd1_3",0.971406881665558,"Brd1",0.88337101221687,1.13365550280899,0.3,0.6,0.736708860759494
"Brd2_1",1.09544804670461,"Brd2",1.04311292687508,1.29161553659503,0,0,0
"Brd2_2",0.998476722735459,"Brd2",0.814590533127378,1.14536858765712,0.5,1,1
"Brd2_3",0.98206489255629,"Brd2",0.908718315682645,1.11306948501973,0.3,0.6,0.736708860759494
"Brd3_1",1.07284367981441,"Brd3",0.806696366785975,1.4199710028695,0.3,0.6,0.736708860759494
"Brd3_2",1.14738115077961,"Brd3",1.07686644236171,1.23202085407725,0,0,0
"Brd3_3",0.924678548572223,"Brd3",0.795799832169646,1.09143550477742,0.4,0.8,0.845776566757493
"Brd4_1",0.600780437653181,"Brd4",0.517641460889758,0.68021636632376,0,0,0
"Brd4_2",0.783416565005464,"Brd4",0.70980614472791,0.908229533641312,0,0,0
"Brd4_3",0.826069671711559,"Brd4",0.715602927955881,0.972841810942971,0,0,0
"Brd7_1",1.11462083533433,"Brd7",0.982715897850853,1.30145147847883,0.2,0.4,0.570588235294118
"Brd7_2",1.05765913907115,"Brd7",0.970965930590383,1.16572307505542,0.1,0.2,0.335930735930736
"Brd7_3",1.14524358934157,"Brd7",0.981129537091023,1.35033057618325,0.1,0.2,0.335930735930736
"Brd8_1",1.203117031876,"Brd8",1.08417541967831,1.3997561211652,0,0,0
"Brd8_2",0.915385311298765,"Brd8",0.816126070103234,1.04003486743335,0.1,0.2,0.335930735930736
"Brd8_3",0.874125937409258,"Brd8",0.809746544548946,0.991938144361351,0,0,0
"Brpf3_1",1.07064217733374,"Brpf3",0.943353593172773,1.12278915456785,0.1,0.2,0.335930735930736
"Brpf3_2",1.02258178782202,"Brpf3",0.917947007866888,1.11989041449754,0.4,0.8,0.845776566757493
"Brpf3_3",0.896358757849895,"Brpf3",0.824893107590234,0.971231163067263,0,0,0
"Brwd1_1",0.974383737658634,"Brwd1",0.881183783775322,1.04987905768846,0.3,0.6,0.736708860759494
"Brwd1_2",1.00270261693299,"Brwd1",0.809049951192569,1.24659408734407,0.5,1,1
"Brwd1_3",0.826491792187775,"Brwd1",0.64618701661842,1.10813131183462,0.1,0.2,0.335930735930736
"Brwd3_1",1.22502184281604,"Brwd3",1.00136169783404,1.43314699397069,0.1,0.2,0.335930735930736
"Brwd3_2",0.990213086497584,"Brwd3",0.811404562643806,1.15505778633416,0.4,0.8,0.845776566757493
"Brwd3_3",1.00996680608249,"Brwd3",0.902026481424181,1.16751159670816,0.5,1,1
"C7orf26_1",1.67222036104232,"C7orf26",1.53406849253634,1.88227976717508,0,0,0
"C7orf26_2",1.30927211296861,"C7orf26",1.10269128679746,1.52174478437579,0,0,0
"C7orf26_3",1.81150323886641,"C7orf26",1.55604174962439,2.02576444800636,0,0,0
"Carm1_1",0.866411838132885,"Carm1",0.792123462537411,0.927135510849721,0,0,0
"Carm1_2",0.895996121015349,"Carm1",0.801313721359243,1.00011966598733,0.1,0.2,0.335930735930736
"Carm1_3",0.867950290681901,"Carm1",0.769786076494576,0.963678345281272,0,0,0
"Cbx1_1",1.33185474454957,"Cbx1",1.13392795209395,1.5499724492148,0,0,0
"Cbx1_2",0.97654427958034,"Cbx1",0.699451529241398,1.25159020406571,0.4,0.8,0.845776566757493
"Cbx1_3",0.984773020619081,"Cbx1",0.862762840432078,1.16014243276559,0.3,0.6,0.736708860759494
"Cbx3_1",0.968286446929162,"Cbx3",0.854144829479645,1.09503765309835,0.3,0.6,0.736708860759494
"Cbx3_2",0.976195743832269,"Cbx3",0.868192162950071,1.07057216615187,0.4,0.8,0.845776566757493
"Cbx3_3",1.07703277167504,"Cbx3",0.996736377564121,1.17548919139892,0.1,0.2,0.335930735930736
"Cbx5_1",1.140846243216,"Cbx5",1.01208011643069,1.28549721489125,0,0,0
"Cbx5_2",1.03711999067361,"Cbx5",0.889179301381584,1.29220577222681,0.4,0.8,0.845776566757493
"Cbx5_3",1.05151444134011,"Cbx5",0.825504506446528,1.3223941794213,0.4,0.8,0.845776566757493
"Cdkn1a_1",1.09732292841169,"Cdkn1a",0.927991110014763,1.23912962323189,0.1,0.2,0.335930735930736
"Cdkn1a_3",1.17741289939083,"Cdkn1a",1.04562417137914,1.30845542819932,0,0,0
"Cecr2_1",1.08887130122398,"Cecr2",0.823836765160185,1.26022992406338,0.3,0.6,0.736708860759494
"Cecr2_2",0.868122943205819,"Cecr2",0.756769287590615,1.00947201232062,0.1,0.2,0.335930735930736
"Cecr2_3",0.948809903028337,"Cecr2",0.85999747446113,1.05162452139662,0.2,0.4,0.570588235294118
"Celsr1_1",0.93623002215865,"Celsr1",0.838657501829636,1.07798820513262,0.3,0.6,0.736708860759494
"Celsr1_2",1.17212278645759,"Celsr1",0.912767066568254,1.34228696571996,0.3,0.6,0.736708860759494
"Celsr1_3",1.16803802286876,"Celsr1",0.896748250129185,1.40261897448426,0.2,0.4,0.570588235294118
"Celsr2_1",1.03393267288224,"Celsr2",0.914248346368772,1.26387632388478,0.5,1,1
"Celsr2_2",0.992475176952001,"Celsr2",0.893819839411289,1.14789118707262,0.4,0.8,0.845776566757493
"Celsr2_3",1.10899933272386,"Celsr2",0.964165297474922,1.23827914171529,0.2,0.4,0.570588235294118
"Cep290_1",0.825519715478212,"Cep290",0.71068233206594,0.916980541700417,0,0,0
"Cep290_2",0.967146480287964,"Cep290",0.859263907695278,1.15221430705974,0.2,0.4,0.570588235294118
"Cep290_3",0.944571321873022,"Cep290",0.771996100728537,1.05676047481555,0.3,0.6,0.736708860759494
"Chd1_1",0.911915099713269,"Chd1",0.804438447944273,1.01914952073729,0.1,0.2,0.335930735930736
"Chd1_2",0.899968667004579,"Chd1",0.78365891427747,1.01176963746771,0.2,0.4,0.570588235294118
"Chd1_3",0.822836162814884,"Chd1",0.748888137636671,0.979915086398255,0.1,0.2,0.335930735930736
"Chd2_1",0.731569667756234,"Chd2",0.609445074623801,0.889649494141658,0,0,0
"Chd2_2",0.740637306485721,"Chd2",0.636704903751585,0.910633927725883,0,0,0
"Chd2_3",0.708903470993907,"Chd2",0.632805179085906,0.820901906399593,0,0,0
"Chd3_1",0.92827379562467,"Chd3",0.834505897218146,1.03992547051593,0.2,0.4,0.570588235294118
"Chd3_2",0.912884070006623,"Chd3",0.782250779250197,1.12330593375561,0.2,0.4,0.570588235294118
"Chd3_3",0.864052429039752,"Chd3",0.676921006466014,1.06175419811729,0.2,0.4,0.570588235294118
"Chd4_1",1.07981613322098,"Chd4",0.954354291054226,1.23282922707502,0.2,0.4,0.570588235294118
"Chd4_2",0.926706929452281,"Chd4",0.790576359101583,1.07147135205628,0.2,0.4,0.570588235294118
"Chd4_3",0.863060726271995,"Chd4",0.725578056622882,0.986764705882353,0,0,0
"Chd6_1",1.0311484606186,"Chd6",0.954426749193753,1.16446380394751,0.4,0.8,0.845776566757493
"Chd6_2",1.28396958229114,"Chd6",1.09047296300703,1.54579760836452,0,0,0
"Chd6_3",1.14853644462109,"Chd6",1.03524309776704,1.24215751665718,0,0,0
"Chd8_1",1.29425667565749,"Chd8",1.08400881813378,1.59770973584238,0,0,0
"Chd8_2",1.09152010975203,"Chd8",0.971011326150689,1.22023361164228,0.1,0.2,0.335930735930736
"Chd8_3",0.9492187775902,"Chd8",0.814704990847297,1.18382927724917,0.3,0.6,0.736708860759494
"Chrac1_1",0.989822778395443,"Chrac1",0.86192528866742,1.14830371238181,0.3,0.6,0.736708860759494
"Chrac1_2",1.02303106283582,"Chrac1",0.921523806468749,1.11404042407304,0.3,0.6,0.736708860759494
"Chrac1_3",0.854540482889202,"Chrac1",0.726373942345572,1.09594117705895,0.1,0.2,0.335930735930736
"Crebbp_1",0.802695623968633,"Crebbp",0.714654470573218,0.91135651904397,0,0,0
"Crebbp_2",0.867482416164865,"Crebbp",0.771599067933978,0.969850945349692,0,0,0
"Crebbp_3",0.955560292235268,"Crebbp",0.888380776147952,1.05790347891752,0.1,0.2,0.335930735930736
"Cxxc1_1",0.887307921224483,"Cxxc1",0.811180102075302,0.978668356137536,0,0,0
"Cxxc1_2",0.938501257314184,"Cxxc1",0.86650374117748,1.02744623271309,0.1,0.2,0.335930735930736
"Cxxc1_3",0.996101103852231,"Cxxc1",0.789750844917165,1.2613837558429,0.4,0.8,0.845776566757493
"Dhx30_1",0.883324536376093,"Dhx30",0.763563248308173,0.952165857920536,0,0,0
"Dhx30_2",0.840412723333577,"Dhx30",0.735769000085013,0.95410138562518,0,0,0
"Dhx30_3",0.731349559482956,"Dhx30",0.666466680790625,0.829206214003005,0,0,0
"Dido1_1",0.916008939994717,"Dido1",0.766228633667763,1.10896445505993,0.4,0.8,0.845776566757493
"Dido1_2",0.878991374366644,"Dido1",0.777028356965747,0.979001139483059,0,0,0
"Dido1_3",1.18146987989564,"Dido1",1.09004120525814,1.2919579235885,0,0,0
"Dnmt1_1",0.906456889558166,"Dnmt1",0.710201242036018,1.09631649246159,0.3,0.6,0.736708860759494
"Dnmt1_2",0.662723655008968,"Dnmt1",0.587074151627641,0.79586742614085,0,0,0
"Dnmt1_3",0.912945680401606,"Dnmt1",0.791403296754279,1.04028854932645,0.1,0.2,0.335930735930736
"Dnmt3a_1",1.35916123610602,"Dnmt3a",1.19327732781773,1.57454770845783,0,0,0
"Dnmt3a_2",1.30513353154119,"Dnmt3a",1.21694783179988,1.52533170195461,0,0,0
"Dnmt3a_3",1.1529041800174,"Dnmt3a",1.08545804466704,1.22556907714473,0,0,0
"Dpf2_1",0.968711065260375,"Dpf2",0.800789179947387,1.15595918364489,0.3,0.6,0.736708860759494
"Dpf2_2",1.23823515769843,"Dpf2",1.1244796797345,1.3901781581824,0,0,0
"Dpf2_3",0.867314281265147,"Dpf2",0.729945694369017,1.05812878656111,0.2,0.4,0.570588235294118
"Dusp1_1",0.820559974721501,"Dusp1",0.738893979559532,0.876849551981311,0,0,0
"Dusp1_2",0.902206286481717,"Dusp1",0.80896983241452,1.00327261531761,0.1,0.2,0.335930735930736
"Dusp1_3",1.03400572309727,"Dusp1",0.869291131344895,1.16361315273161,0.4,0.8,0.845776566757493
"Eed_1",0.933623633278989,"Eed",0.738070218625839,1.08331140952932,0.4,0.8,0.845776566757493
"Eed_2",0.786642253608558,"Eed",0.681367848596283,0.875297505098376,0,0,0
"Eed_3",0.726292948474689,"Eed",0.603448405124396,0.865925950344926,0,0,0
"Ehmt1_1",0.855482399353139,"Ehmt1",0.612767339265851,0.999527302131581,0.1,0.2,0.335930735930736
"Ehmt1_2",0.994386366390651,"Ehmt1",0.817417410850933,1.11884418544913,0.4,0.8,0.845776566757493
"Ehmt1_3",0.865320047465051,"Ehmt1",0.722749553952997,0.976945587320782,0,0,0
"Ehmt2_1",0.715954337616763,"Ehmt2",0.636289670185432,0.837995732723785,0,0,0
"Ehmt2_2",0.961623065217714,"Ehmt2",0.772998306117432,1.11247539217144,0.3,0.6,0.736708860759494
"Ehmt2_3",0.921000178759065,"Ehmt2",0.774393955587562,1.04404495493967,0.2,0.4,0.570588235294118
"Ep300_1",0.938345806391315,"Ep300",0.778112236594054,1.02941226612491,0.3,0.6,0.736708860759494
"Ep300_2",1.05868105621847,"Ep300",0.922207430206208,1.27352243092936,0.3,0.6,0.736708860759494
"Ep300_3",0.78336252001516,"Ep300",0.660527561871347,0.971583284924384,0.1,0.2,0.335930735930736
"Ep400_1",0.996825034621551,"Ep400",0.820134816379926,1.30445416994819,0.5,1,1
"Ep400_2",0.96351723035726,"Ep400",0.840291538706232,1.09140519467715,0.4,0.8,0.845776566757493
"Ep400_3",0.931160229321291,"Ep400",0.764119443127744,1.08685854372951,0.2,0.4,0.570588235294118
"Epc1_1",1.04865295027801,"Epc1",0.998131884198946,1.10834132127767,0.1,0.2,0.335930735930736
"Epc1_2",0.931526949271377,"Epc1",0.857865589793083,0.992697488857126,0,0,0
"Epc1_3",0.907459654242042,"Epc1",0.798618126351418,0.996655622339269,0.1,0.2,0.335930735930736
"Epc2_1",0.888569345912556,"Epc2",0.773268093154895,1.06223551703307,0.2,0.4,0.570588235294118
"Epc2_2",0.912851111315376,"Epc2",0.799144810353076,1.01150746644539,0.1,0.2,0.335930735930736
"Epc2_3",0.908283434464789,"Epc2",0.834132655049875,1.01853270078915,0.1,0.2,0.335930735930736
"Eya2_1",0.902447772685804,"Eya2",0.819791550754115,1.00192135837613,0.1,0.2,0.335930735930736
"Eya2_2",0.998209137231326,"Eya2",0.929633622758956,1.14502733434848,0.3,0.6,0.736708860759494
"Eya2_3",1.05490598891785,"Eya2",0.905392486231731,1.23452969577351,0.4,0.8,0.845776566757493
"Ezh2_1",1.09387024722493,"Ezh2",0.939066420520361,1.21283228483101,0.2,0.4,0.570588235294118
"Ezh2_2",1.12185600535522,"Ezh2",0.914154798987589,1.38721963411394,0.3,0.6,0.736708860759494
"Ezh2_3",1.18777519642353,"Ezh2",0.997125566448998,1.35267073043768,0.1,0.2,0.335930735930736
"Fxr1_1",1.21105018987405,"Fxr1",1.1035201565587,1.32980011024317,0,0,0
"Fxr1_2",1.10140530759338,"Fxr1",0.931538834440232,1.27079308555264,0.4,0.8,0.845776566757493
"Fxr1_3",1.07470509802113,"Fxr1",0.933536010778877,1.22979489674,0.2,0.4,0.570588235294118
"Gatad2a_1",0.951650892312527,"Gatad2a",0.85608656828695,1.02968310140846,0.5,1,1
"Gatad2a_2",0.839522932447232,"Gatad2a",0.746212433685226,0.944676919534194,0,0,0
"Gatad2a_3",0.976895088603516,"Gatad2a",0.818781501091082,1.10711702539169,0.3,0.6,0.736708860759494
"Gatad2b_1",0.917387597881328,"Gatad2b",0.734683467539457,1.04244642557616,0.2,0.4,0.570588235294118
"Gatad2b_2",1.0171961524485,"Gatad2b",0.884079656766828,1.16112071402859,0.5,1,1
"Gatad2b_3",0.914267080218964,"Gatad2b",0.80023773785463,1.04058232763663,0.3,0.6,0.736708860759494
"Gclc_1",0.872910922108114,"Gclc",0.808047237695543,0.967970269294755,0,0,0
"Gclc_2",0.926361420404129,"Gclc",0.857718182877064,0.987617922517142,0,0,0
"Gclc_3",0.991471483728377,"Gclc",0.880238979300567,1.06862197274374,0.4,0.8,0.845776566757493
"Glyr1_1",1.78390813558253,"Glyr1",1.48609138633866,2.04498294821419,0,0,0
"Glyr1_2",1.49918454908681,"Glyr1",1.30493235046404,1.78862009700986,0,0,0
"Glyr1_3",1.32107417376326,"Glyr1",1.14770305364073,1.52215204780134,0,0,0
"Gss_1",1.00076899572833,"Gss",0.883870815455045,1.25790646668144,0.3,0.6,0.736708860759494
"Gss_2",1.03190920934887,"Gss",0.83485603433718,1.13299767092763,0.3,0.6,0.736708860759494
"Gss_3",1.03066805856759,"Gss",0.931817669278032,1.10950677390959,0.3,0.6,0.736708860759494
"Gtf3c1_1",0.683807186173009,"Gtf3c1",0.562263418974013,0.862954932755541,0,0,0
"Gtf3c1_2",0.725547007841147,"Gtf3c1",0.636295246673583,0.868254759675626,0,0,0
"Gtf3c1_3",0.748440431769873,"Gtf3c1",0.604633075378502,0.857932940213822,0,0,0
"Hat1_1",0.73917591449673,"Hat1",0.60305144048331,0.893788897143261,0,0,0
"Hat1_2",0.794013107582053,"Hat1",0.71449891365044,0.878698507535032,0,0,0
"Hat1_3",1.00268934681132,"Hat1",0.844211262645574,1.09484498819184,0.4,0.8,0.845776566757493
"Hcfc1_1",0.901608893590621,"Hcfc1",0.775245053451986,1.04898516784415,0.1,0.2,0.335930735930736
"Hcfc1_2",0.751581489847829,"Hcfc1",0.614562720015461,0.893758595430134,0,0,0
"Hcfc1_3",0.863097031205976,"Hcfc1",0.653328863190317,1.1355510590972,0.2,0.4,0.570588235294118
"Hdac1_1",1.08630516412204,"Hdac1",0.952305993327413,1.19033708722651,0.2,0.4,0.570588235294118
"Hdac1_2",1.28668944682318,"Hdac1",1.09285538173395,1.55451831632752,0,0,0
"Hdac1_3",1.21820832755207,"Hdac1",1.11125332242856,1.43646111775649,0,0,0
"Hdac2_1",0.980867761740927,"Hdac2",0.85959567151434,1.06437192160774,0.4,0.8,0.845776566757493
"Hdac2_2",1.02920648117315,"Hdac2",0.893035422260674,1.19166117479468,0.3,0.6,0.736708860759494
"Hdac2_3",1.02733392115504,"Hdac2",0.876582063587065,1.15879013058622,0.3,0.6,0.736708860759494
"Hdac3_1",0.675059922811068,"Hdac3",0.623885996031752,0.73587706110186,0,0,0
"Hdac3_2",0.72544659426856,"Hdac3",0.61831880664129,0.862818007941935,0,0,0
"Hdac3_3",0.802951117244247,"Hdac3",0.686116016783597,0.919337412761679,0,0,0
"Hdac5_1",1.10851730001763,"Hdac5",1.01716485068943,1.14815412581563,0.1,0.2,0.335930735930736
"Hdac5_2",0.880223192735249,"Hdac5",0.643417845286895,1.12996707236303,0.2,0.4,0.570588235294118
"Hdac5_3",0.989714138234176,"Hdac5",0.883319009575481,1.18224073091681,0.4,0.8,0.845776566757493
"Hdac7_1",1.3537993257169,"Hdac7",1.11348952957794,1.71563805032546,0,0,0
"Hdac7_2",0.973882696389695,"Hdac7",0.818012507439056,1.10725179170606,0.3,0.6,0.736708860759494
"Hdac7_3",1.30791552646505,"Hdac7",1.10620565551994,1.45156039024317,0,0,0
"Hdgf_1",1.59040303460377,"Hdgf",1.36105058439525,1.8199375714466,0,0,0
"Hdgf_2",1.44428737986989,"Hdgf",1.2102525892231,1.60880459887979,0,0,0
"Hdgf_3",0.872866128470235,"Hdgf",0.640765290113408,1.20351853417293,0.1,0.2,0.335930735930736
"Ift140_1",0.945540805156833,"Ift140",0.815697805732968,1.09773130693997,0.3,0.6,0.736708860759494
"Ift140_2",0.964570101378538,"Ift140",0.886442014009476,1.06722504522838,0.3,0.6,0.736708860759494
"Ift140_3",0.970601872046852,"Ift140",0.88168945426664,1.03243361994851,0.4,0.8,0.845776566757493
"Ift80_1",0.920825076517385,"Ift80",0.832303471549463,1.04085440368786,0.1,0.2,0.335930735930736
"Ift80_2",0.972762437453115,"Ift80",0.866410777198487,1.10578213171218,0.4,0.8,0.845776566757493
"Ift80_3",1.15106398781845,"Ift80",0.957443057850218,1.30071143367867,0.1,0.2,0.335930735930736
"Ing1_1",1.17442186226604,"Ing1",0.931111582430814,1.35037652406541,0.1,0.2,0.335930735930736
"Ing1_2",1.20314180564366,"Ing1",1.05393916992515,1.33777881525939,0,0,0
"Ing1_3",1.47802734275693,"Ing1",1.30352223151493,1.68014438232808,0,0,0
"Ing2_1",1.10260934728878,"Ing2",0.996725183516063,1.25915983821595,0.1,0.2,0.335930735930736
"Ing2_2",1.05041247905836,"Ing2",0.953845211699089,1.22156808060432,0.3,0.6,0.736708860759494
"Ing2_3",1.24230663861009,"Ing2",1.14691163243046,1.35073990625938,0,0,0
"Ing3_1",0.934978885933465,"Ing3",0.79453154446908,1.02459463375701,0.4,0.8,0.845776566757493
"Ing3_2",0.836512534188976,"Ing3",0.661014385227165,0.954894474139991,0,0,0
"Ing3_3",0.82673477381991,"Ing3",0.671720950611919,1.03743023627664,0.1,0.2,0.335930735930736
"Ing4_1",0.896408058215249,"Ing4",0.776736352540258,1.09987397188856,0.1,0.2,0.335930735930736
"Ing4_2",0.94076818740964,"Ing4",0.873039771006885,0.983710194504349,0,0,0
"Ing4_3",0.790621199563335,"Ing4",0.7045574832641,0.859618082529307,0,0,0
"Ino80c_1",0.799716061830453,"Ino80c",0.661204017633361,0.979394198328235,0,0,0
"Ino80c_2",1.00098799513472,"Ino80c",0.906401379448825,1.0786552767655,0.4,0.8,0.845776566757493
"Ino80c_3",0.770180275072504,"Ino80c",0.695572257853292,0.890762142062164,0,0,0
"Ino80d_1",0.787203122989525,"Ino80d",0.689012522668709,0.890065679885187,0,0,0
"Ino80d_2",0.963864903525505,"Ino80d",0.874182368043305,1.0833841349667,0.2,0.4,0.570588235294118
"Ino80d_3",0.851420179555076,"Ino80d",0.752767611421556,0.957799537693718,0,0,0
"Jade3_1",0.857608506931453,"Jade3",0.752669977200622,1.01508639740277,0.1,0.2,0.335930735930736
"Jade3_2",0.847136197207922,"Jade3",0.689144259948049,0.940938941159938,0,0,0
"Jade3_3",0.889286742887046,"Jade3",0.738671301950966,1.06081349882399,0.1,0.2,0.335930735930736
"Jarid2_1",0.949523286279117,"Jarid2",0.873178378716159,1.04270722896033,0.3,0.6,0.736708860759494
"Jarid2_2",0.978072789969586,"Jarid2",0.85907624190313,1.16860807393792,0.2,0.4,0.570588235294118
"Jarid2_3",1.16632663333146,"Jarid2",1.00481999508165,1.26726564242545,0.1,0.2,0.335930735930736
"Jmjd1c_1",1.0061696027845,"Jmjd1c",0.828761429008539,1.10805607294536,0.3,0.6,0.736708860759494
"Jmjd1c_2",1.03159496195836,"Jmjd1c",0.961406246622092,1.10073199274154,0.4,0.8,0.845776566757493
"Jmjd1c_3",0.847974407178204,"Jmjd1c",0.712928675549453,0.97432547566926,0,0,0
"Jmjd6_1",1.19488235312342,"Jmjd6",1.01447136263059,1.396332702203,0.1,0.2,0.335930735930736
"Jmjd6_2",1.05156770533483,"Jmjd6",0.936148314228847,1.14790727457176,0.3,0.6,0.736708860759494
"Jmjd6_3",0.793649914864961,"Jmjd6",0.690191535000643,0.987588335917959,0,0,0
"Jmjd8_1",0.931232156887089,"Jmjd8",0.843825654803079,1.03677170217878,0.2,0.4,0.570588235294118
"Jmjd8_2",0.973998469854212,"Jmjd8",0.816486188313873,1.24032189424511,0.4,0.8,0.845776566757493
"Jmjd8_3",0.987993427630019,"Jmjd8",0.896313519106493,1.0790588983731,0.4,0.8,0.845776566757493
"Kat2b_1",0.970133746958317,"Kat2b",0.907971416519787,1.06309987651602,0.2,0.4,0.570588235294118
"Kat2b_2",1.00727256680741,"Kat2b",0.893998254558906,1.1565074795796,0.4,0.8,0.845776566757493
"Kat2b_3",0.943774008170363,"Kat2b",0.7686234482973,1.14910951638209,0.3,0.6,0.736708860759494
"Kat5_1",0.943545942169464,"Kat5",0.791810703404399,1.12396542717472,0.3,0.6,0.736708860759494
"Kat5_2",0.68935578819595,"Kat5",0.615705992325897,0.772786631794714,0,0,0
"Kat5_3",0.759965336178367,"Kat5",0.576682537154679,0.949020814015566,0,0,0
"Kat6a_1",0.728346571078578,"Kat6a",0.649705272801212,0.879285444163638,0,0,0
"Kat6a_2",0.868708902374143,"Kat6a",0.778522284030982,0.998958259640253,0.1,0.2,0.335930735930736
"Kat6a_3",0.698786539123856,"Kat6a",0.637294730216168,0.858356536008108,0,0,0
"Kat7_1",2.31042870611495,"Kat7",2.15470746402121,2.48228320047444,0,0,0
"Kat7_2",1.43761431707151,"Kat7",1.18573627457474,1.70539533633102,0,0,0
"Kat7_3",2.10067071541815,"Kat7",1.77415388859845,2.3812180638053,0,0,0
"Kdm1a_1",0.897911837820433,"Kdm1a",0.793248868519937,1.03359441639033,0.1,0.2,0.335930735930736
"Kdm1a_2",0.825595093915158,"Kdm1a",0.628692889660938,0.981141578230227,0,0,0
"Kdm1a_3",0.801147066919738,"Kdm1a",0.684616818432162,0.898046365049474,0,0,0
"Kdm2a_1",0.756705642391459,"Kdm2a",0.639786654913802,0.887999560854606,0,0,0
"Kdm2a_2",0.792649352777355,"Kdm2a",0.726349013283441,0.93536352401396,0,0,0
"Kdm2a_3",0.712357912786671,"Kdm2a",0.595059293412304,0.823260544248987,0,0,0
"Kdm3b_1",1.13511944510929,"Kdm3b",0.927042093162329,1.46424255100366,0.2,0.4,0.570588235294118
"Kdm3b_2",1.08217151385964,"Kdm3b",0.929715938212673,1.18408885699717,0.1,0.2,0.335930735930736
"Kdm3b_3",1.37746347799811,"Kdm3b",1.23360195000361,1.60742444495595,0,0,0
"Kdm5c_1",1.35016105495103,"Kdm5c",1.08122981894192,1.65643135924338,0,0,0
"Kdm5c_2",1.00846397253368,"Kdm5c",0.80272411900817,1.31242911840438,0.5,1,1
"Kdm5c_3",1.43095199720799,"Kdm5c",1.18909096250316,1.70659488558687,0,0,0
"Kdm6a_1",1.05622948892807,"Kdm6a",0.88641159291006,1.24410688207944,0.3,0.6,0.736708860759494
"Kdm6a_2",1.02150156312795,"Kdm6a",0.88855602656886,1.17204600622749,0.5,1,1
"Kdm6a_3",1.03174090114336,"Kdm6a",0.920707609883616,1.12214357505882,0.4,0.8,0.845776566757493
"Kdm6b_1",1.01194979258855,"Kdm6b",0.940560671294939,1.10543118307814,0.4,0.8,0.845776566757493
"Kdm6b_2",0.908801409910788,"Kdm6b",0.848930749094521,0.99016306255437,0,0,0
"Kdm6b_3",0.921930878319155,"Kdm6b",0.776380968384627,1.02205816512133,0.1,0.2,0.335930735930736
"Kif3a_1",1.18099509092837,"Kif3a",1.07621042115372,1.32762843506459,0,0,0
"Kif3a_2",1.28522704978302,"Kif3a",1.10055052966971,1.65772858591208,0,0,0
"Kif3a_3",1.36959804882786,"Kif3a",1.14315743072825,1.64514361618508,0,0,0
"Kmt2a_1",2.44588607470104,"Kmt2a",2.092225620646,2.86971010028839,0,0,0
"Kmt2a_2",1.45522254174058,"Kmt2a",1.10090968915076,1.85450649135429,0,0,0
"Kmt2a_3",1.5348831741395,"Kmt2a",1.22836492473033,1.73821582750609,0,0,0
"Kmt2b_1",1.31428318310737,"Kmt2b",1.20495882078184,1.4951969748948,0,0,0
"Kmt2b_2",0.92848250473269,"Kmt2b",0.826222179257578,1.03190818574801,0.2,0.4,0.570588235294118
"Kmt2b_3",1.02580179234428,"Kmt2b",0.877665117497753,1.15513059729421,0.4,0.8,0.845776566757493
"Kmt2c_1",0.869202718866366,"Kmt2c",0.802403817203926,0.916132451175883,0,0,0
"Kmt2c_2",0.822843972231819,"Kmt2c",0.729931191174156,0.932514757850891,0,0,0
"Kmt2c_3",0.690187258037444,"Kmt2c",0.579803483538414,0.819169790505278,0,0,0
"Kmt2d_1",1.62306150560322,"Kmt2d",1.08406287647921,1.96287592768447,0,0,0
"Kmt2d_2",1.91052288171617,"Kmt2d",1.28912045367469,2.71717459386288,0,0,0
"Kmt2d_3",1.65537673212667,"Kmt2d",1.29578655397972,2.07115841242013,0,0,0
"Kmt2e_1",1.03217571151035,"Kmt2e",0.88781951076002,1.13175486963441,0.3,0.6,0.736708860759494
"Kmt2e_2",1.28021767574813,"Kmt2e",1.06178349075729,1.42619952380678,0,0,0
"Kmt2e_3",1.54711806737722,"Kmt2e",1.40325538257296,1.73366364375209,0,0,0
"Lbr_1",1.15375637021749,"Lbr",1.06599825100142,1.28445246276639,0,0,0
"Lbr_2",1.39382688115583,"Lbr",1.21543381692204,1.53978273688717,0,0,0
"Lbr_3",1.3140618442097,"Lbr",1.08834215694735,1.73752372463747,0,0,0
"Lmna_1",1.14991683784539,"Lmna",1.07396402357442,1.23310936114372,0,0,0
"Lmna_2",1.07999236191459,"Lmna",0.888608044626497,1.4899152291874,0.4,0.8,0.845776566757493
"Lmna_3",1.12467864725991,"Lmna",0.935452979739751,1.40620479888444,0.1,0.2,0.335930735930736
"Mapk3_1",0.855928871859521,"Mapk3",0.757050854950865,0.976076626945674,0,0,0
"Mapk3_2",0.999480054498751,"Mapk3",0.849911386335883,1.12815325102414,0.4,0.8,0.845776566757493
"Mapk3_3",0.740027562893563,"Mapk3",0.674514698239218,0.835090039926149,0,0,0
"Mau2_1",0.830160709975842,"Mau2",0.707106782584542,1.08086377214469,0.1,0.2,0.335930735930736
"Mau2_2",0.852553901944672,"Mau2",0.729654398793519,0.954452149737596,0,0,0
"Mau2_3",0.722516096940208,"Mau2",0.656131858946995,0.795890975721736,0,0,0
"Mbd2_1",0.794681492144746,"Mbd2",0.69534754067726,0.93364043798453,0,0,0
"Mbd2_2",0.745575034460842,"Mbd2",0.632165826324522,0.881902975438136,0,0,0
"Mbd2_3",0.762606945309256,"Mbd2",0.670441898412651,0.839870948527493,0,0,0
"Mbd3_1",1.23300267460846,"Mbd3",1.09864895147324,1.43853943475993,0,0,0
"Mbd3_2",1.15298325805509,"Mbd3",0.884842203409133,1.49861018409199,0.4,0.8,0.845776566757493
"Mbd3_3",1.0847719224805,"Mbd3",0.971881595361225,1.23900193038336,0.1,0.2,0.335930735930736
"Mbd6_1",1.01744608147828,"Mbd6",0.907979919263898,1.16513860578243,0.5,1,1
"Mbd6_2",1.0554296893282,"Mbd6",0.942800986018129,1.1934429034126,0.2,0.4,0.570588235294118
"Mbd6_3",0.996490251068735,"Mbd6",0.911841806952052,1.0478614359057,0.4,0.8,0.845776566757493
"Mcrs1_1",0.695364063211031,"Mcrs1",0.554104773406627,0.797923514378638,0,0,0
"Mcrs1_2",0.895920355768961,"Mcrs1",0.782339659743741,1.07200820144265,0.1,0.2,0.335930735930736
"Mcrs1_3",0.695431717909616,"Mcrs1",0.548496607378261,0.959499240964355,0,0,0
"Meaf6_1",3.31989914014809,"Meaf6",3.04766888332513,3.79132524713693,0,0,0
"Meaf6_2",2.27282007801845,"Meaf6",1.88207247670224,2.67601702840356,0,0,0
"Meaf6_3",5.80142972581806,"Meaf6",4.86351009024535,8.07130393622623,0,0,0
"Mecom_1",0.849827068569596,"Mecom",0.800899803247823,0.907684184439083,0,0,0
"Mecom_2",0.802466996100646,"Mecom",0.683991693254338,0.916101513951203,0,0,0
"Mecom_3",0.734437402379869,"Mecom",0.594075001354019,0.855738148052167,0,0,0
"Men1_1",22.8871114674006,"Men1",19.4636234533796,28.1907624677431,0,0,0
"Men1_2",22.8493702985675,"Men1",21.1915876927542,25.1620788144983,0,0,0
"Men1_3",24.9152561920769,"Men1",20.7896332646528,31.9498268877844,0,0,0
"Mgea5_1",0.854356714491846,"Mgea5",0.711393970455324,0.940089745394143,0,0,0
"Mgea5_2",0.861848130149366,"Mgea5",0.741852652558874,0.975051948492384,0,0,0
"Mgea5_3",0.855176438225199,"Mgea5",0.736473635101568,1.01937536004086,0.1,0.2,0.335930735930736
"Mllt10_1",2.098394402096,"Mllt10",1.84069624172841,2.35442773089391,0,0,0
"Mllt10_2",1.7102679906544,"Mllt10",1.49182304592976,2.17622964489762,0,0,0
"Mllt10_3",1.45090446118921,"Mllt10",1.28098151577312,1.62582319366617,0,0,0
"Mllt6_1",1.1744322042068,"Mllt6",1.06859136665384,1.29015064077657,0,0,0
"Mllt6_2",1.11737659338225,"Mllt6",1.04113973863296,1.23383379778194,0,0,0
"Mllt6_3",1.17838661852474,"Mllt6",1.05417832060236,1.33827484419732,0,0,0
"Morf4l1_1",1.03712541652931,"Morf4l1",0.900783760116159,1.18878246155441,0.4,0.8,0.845776566757493
"Morf4l1_2",1.01958058472141,"Morf4l1",0.825394699573289,1.21795098179188,0.4,0.8,0.845776566757493
"Morf4l1_3",1.01595412154436,"Morf4l1",0.893926992501744,1.1487348342301,0.4,0.8,0.845776566757493
"Morf4l2_1",0.887366527997202,"Morf4l2",0.811602101051958,0.976340083306144,0,0,0
"Morf4l2_2",0.882266379044702,"Morf4l2",0.748611510933077,1.15321347961374,0.1,0.2,0.335930735930736
"Morf4l2_3",1.07289168496091,"Morf4l2",0.941739912505575,1.19906121898353,0.2,0.4,0.570588235294118
"Mphosph8_1",0.960068750527625,"Mphosph8",0.794590262528761,1.12455793108946,0.4,0.8,0.845776566757493
"Mphosph8_2",0.947907670780891,"Mphosph8",0.855200792514917,1.05819132811932,0.2,0.4,0.570588235294118
"Mphosph8_3",1.05316257814341,"Mphosph8",0.909322357540395,1.16727928206149,0.3,0.6,0.736708860759494
"Msi2_1",0.755843986565902,"Msi2",0.628420470364017,0.932364909624715,0,0,0
"Msi2_2",0.740406170812866,"Msi2",0.637441813356948,0.874352587894982,0,0,0
"Msi2_3",1.00897715040685,"Msi2",0.82787824899833,1.1611451295415,0.5,1,1
"MSL3_1",1.01422216899742,"Msl3",0.935054439175303,1.0951153002692,0.4,0.8,0.845776566757493
"MSL3_2",0.960274976092593,"Msl3",0.853366362231733,1.05091500171779,0.3,0.6,0.736708860759494
"MSL3_3",1.09974905222744,"Msl3",0.932840818720949,1.23599474066682,0.1,0.2,0.335930735930736
"MTA1_1",1.01924326924302,"Mta1",0.921344557628623,1.10406600477868,0.4,0.8,0.845776566757493
"MTA1_2",0.997343425969878,"Mta1",0.841956987683592,1.08658504311329,0.4,0.8,0.845776566757493
"MTA1_3",1.0485239628198,"Mta1",0.897988546649551,1.28813774564182,0.5,1,1
"Mta2_1",0.898110755471912,"Mta2",0.815627116484221,1.00839686482208,0.1,0.2,0.335930735930736
"Mta2_2",0.854084138274559,"Mta2",0.733174507694056,0.980696480419985,0,0,0
"Mta2_3",0.910654814070553,"Mta2",0.790310834024095,1.00342780796245,0.1,0.2,0.335930735930736
"Mta3_1",1.00004689469514,"Mta3",0.889498848298425,1.10333015797646,0.4,0.8,0.845776566757493
"Mta3_2",1.15032522541177,"Mta3",1.03995404053958,1.29560941919064,0,0,0
"Mta3_3",1.01644025780211,"Mta3",0.911458122399532,1.16888977459762,0.5,1,1
"Mtf2_1",0.973972723904333,"Mtf2",0.896661549868003,1.07744627970123,0.3,0.6,0.736708860759494
"Mtf2_2",0.96021635966697,"Mtf2",0.829525957688524,1.08775188308083,0.3,0.6,0.736708860759494
"Mtf2_3",1.13832211714396,"Mtf2",1.01927777482766,1.27793169558868,0,0,0
"Ncoa1_1",1.06021553036914,"Ncoa1",0.993368566633916,1.15277910188728,0.2,0.4,0.570588235294118
"Ncoa1_2",0.797641188405615,"Ncoa1",0.680712708401145,0.985731324291251,0.1,0.2,0.335930735930736
"Ncoa1_3",0.902499604267029,"Ncoa1",0.80471902536499,0.998570260516698,0.1,0.2,0.335930735930736
"Ncoa2_1",0.816470713083682,"Ncoa2",0.716346995518478,0.93960005253077,0,0,0
"Ncoa2_2",0.882617386504172,"Ncoa2",0.677009934526458,1.14345925610403,0.2,0.4,0.570588235294118
"Ncoa2_3",0.792081920535825,"Ncoa2",0.687859617661846,0.894847554523253,0,0,0
"Ncoa4_1",1.12662474302105,"Ncoa4",0.928042348238838,1.35909173662493,0.1,0.2,0.335930735930736
"Ncoa4_2",1.08695177945008,"Ncoa4",0.994678260250116,1.19146124298823,0.3,0.6,0.736708860759494
"Ncoa4_3",0.987185194759032,"Ncoa4",0.876098357038417,1.1461169240899,0.4,0.8,0.845776566757493
"Ncoa6_1",1.29439557029017,"Ncoa6",1.15681748576665,1.42092100057428,0,0,0
"Ncoa6_2",1.28613620045731,"Ncoa6",1.05406314383052,1.53097060217586,0,0,0
"Ncoa6_3",1.14297674272603,"Ncoa6",1.07284269535814,1.23494745708241,0,0,0
"Ncor1_1",0.949185356136398,"Ncor1",0.857945554868758,1.05023244936784,0.3,0.6,0.736708860759494
"Ncor1_2",0.986253955161118,"Ncor1",0.89761326737588,1.06644885119608,0.4,0.8,0.845776566757493
"Ncor1_3",1.02974427285773,"Ncor1",0.912458482334863,1.14552569067057,0.4,0.8,0.845776566757493
"Nipbl_1",0.72967276291744,"Nipbl",0.666550714574444,0.856789080643827,0,0,0
"Nipbl_2",0.677785663065062,"Nipbl",0.53766313423635,0.811613017775728,0,0,0
"Nipbl_3",0.809475064670363,"Nipbl",0.695016487138067,1.05276663265563,0.1,0.2,0.335930735930736
"Nsd1_1",0.65048112159479,"Nsd1",0.575234553746879,0.775420477582935,0,0,0
"Nsd1_2",0.551524252390906,"Nsd1",0.47450372327358,0.682153513153397,0,0,0
"Nsd1_3",0.974821783766511,"Nsd1",0.882213568948849,1.03982262290829,0.5,1,1
"Otud5_1",0.901192969757358,"Otud5",0.681290524423358,1.12773019917564,0.2,0.4,0.570588235294118
"Otud5_2",0.925612896197656,"Otud5",0.817820957311946,1.08661378365975,0.2,0.4,0.570588235294118
"Otud5_3",1.23183844680686,"Otud5",1.12002089369663,1.41061834425157,0,0,0
"Pbrm1_1",1.00886583027344,"Pbrm1",0.89533760426445,1.07446640969098,0.3,0.6,0.736708860759494
"Pbrm1_2",1.11411196853305,"Pbrm1",0.96988981503524,1.25828444958955,0.2,0.4,0.570588235294118
"Pbrm1_3",1.06077895070821,"Pbrm1",0.908879773974864,1.27179568521334,0.3,0.6,0.736708860759494
"Pcgf2_1",1.03676107613075,"Pcgf2",0.98835830266978,1.11108776203909,0.2,0.4,0.570588235294118
"Pcgf2_2",1.01621824373326,"Pcgf2",0.894489418766035,1.11097264676212,0.4,0.8,0.845776566757493
"Pcgf2_3",1.04881542581869,"Pcgf2",0.901302313368816,1.13798819956098,0.3,0.6,0.736708860759494
"Pcna_1",0.899403817254348,"Pcna",0.727295403394598,1.06643743509852,0.2,0.4,0.570588235294118
"Pcna_2",1.03046497153221,"Pcna",0.694920833842282,1.23931429582614,0.3,0.6,0.736708860759494
"Pcna_3",0.823671609498201,"Pcna",0.764309906978272,0.904900733363548,0,0,0
"Pds5a_1",0.73270230873242,"Pds5a",0.661304335048293,0.833350801714907,0,0,0
"Pds5a_2",0.720982033337016,"Pds5a",0.592975359579576,0.850259649949001,0,0,0
"Pds5a_3",0.931291221361429,"Pds5a",0.848783920529689,0.997568108796646,0,0,0
"Phc1_1",1.2944653895362,"Phc1",1.02428452233086,1.60234637114321,0,0,0
"Phc1_2",1.00260956594239,"Phc1",0.892566634771355,1.10910761518473,0.5,1,1
"Phc1_3",0.900131630414642,"Phc1",0.848273637660579,0.991882770146199,0.1,0.2,0.335930735930736
"Phc2_1",1.04100513054204,"Phc2",0.945078937723041,1.12773671964647,0.2,0.4,0.570588235294118
"Phc2_2",0.820274541582707,"Phc2",0.714690723179963,0.985001144719984,0,0,0
"Phc2_3",1.18686374235926,"Phc2",1.03192178815406,1.47941106401444,0,0,0
"Phc3_1",0.924742938533316,"Phc3",0.839803638916294,1.02072568780616,0.1,0.2,0.335930735930736
"Phc3_2",1.28456530461126,"Phc3",1.15046740720213,1.46131223377992,0,0,0
"Phc3_3",1.07407808737983,"Phc3",1.00742749598209,1.18781044878489,0,0,0
"Phf1_1",0.989395113188223,"Phf1",0.911495286186303,1.05688642924032,0.4,0.8,0.845776566757493
"Phf1_2",1.24563744836803,"Phf1",1.06147110618954,1.60743817775186,0,0,0
"Phf1_3",0.973675592050451,"Phf1",0.855705449030017,1.06725697252932,0.4,0.8,0.845776566757493
"Phf10_1",1.29684430413458,"Phf10",1.15320700985511,1.48136557517081,0,0,0
"Phf10_2",0.982542993756571,"Phf10",0.901106563062893,1.1046094998333,0.3,0.6,0.736708860759494
"Phf10_3",1.30902476132427,"Phf10",1.14616896565282,1.45544829461957,0,0,0
"Phf12_1",0.829960085214783,"Phf12",0.767072079309279,0.941985117129901,0,0,0
"Phf12_2",1.0205392183678,"Phf12",0.734056284296663,1.20566538495283,0.4,0.8,0.845776566757493
"Phf12_3",0.84985275825871,"Phf12",0.727895680985319,0.95334645100725,0,0,0
"PHF14_1",1.13115589128984,"Phf14",0.939861073059529,1.2916396790591,0.1,0.2,0.335930735930736
"PHF14_2",1.04628516571393,"Phf14",0.945017732902573,1.17632470896715,0.2,0.4,0.570588235294118
"PHF14_3",0.850803494086816,"Phf14",0.707333752262903,1.04279861703273,0.2,0.4,0.570588235294118
"Phf2_1",0.797598210767282,"Phf2",0.695767828990991,0.905007202797142,0,0,0
"Phf2_2",0.919663281476598,"Phf2",0.77007581561383,1.0521918637114,0.1,0.2,0.335930735930736
"Phf2_3",0.700195827378873,"Phf2",0.566622454038775,0.8041251287851,0,0,0
"Phf21a_1",0.998747657839846,"Phf21a",0.809932368239667,1.18572950362785,0.5,1,1
"Phf21a_2",0.983432542297517,"Phf21a",0.771726161999976,1.15272390941454,0.4,0.8,0.845776566757493
"Phf21a_3",0.964231291696732,"Phf21a",0.840902830878083,1.1348356283473,0.4,0.8,0.845776566757493
"Phf23_1",0.848857914792064,"Phf23",0.736193726406175,0.940839305499858,0,0,0
"Phf23_2",0.870343398357957,"Phf23",0.816675211107891,0.941251504993972,0,0,0
"Phf23_3",0.859266365481278,"Phf23",0.679639177093426,0.999551053221258,0.1,0.2,0.335930735930736
"PHF24_1",0.997397643782534,"Phf24",0.836907689548682,1.15188653745795,0.4,0.8,0.845776566757493
"PHF24_2",0.935578712540187,"Phf24",0.809519748745572,1.09079958197375,0.1,0.2,0.335930735930736
"PHF24_3",0.885857335664788,"Phf24",0.80901272365522,1.02132989132467,0.1,0.2,0.335930735930736
"Phf3_1",1.5435510521126,"Phf3",1.45234050124805,1.81868547874123,0,0,0
"Phf3_2",1.21090008240181,"Phf3",1.05567206057308,1.42621429034938,0,0,0
"Phf3_3",1.25460288029114,"Phf3",1.07837979621254,1.42045059291987,0,0,0
"Phip_1",1.04875265800422,"Phip",0.952678577236357,1.13379649110535,0.2,0.4,0.570588235294118
"Phip_2",1.00110746776515,"Phip",0.847966230536795,1.18075945728469,0.5,1,1
"Phip_3",1.00970193539189,"Phip",0.882285365105677,1.14123282636718,0.4,0.8,0.845776566757493
"Phrf1_1",1.26355845054675,"Phrf1",0.992799250482904,1.56965575498249,0.1,0.2,0.335930735930736
"Phrf1_2",0.932318222446432,"Phrf1",0.771833504856633,1.10138352638904,0.2,0.4,0.570588235294118
"Phrf1_3",1.01250567123238,"Phrf1",0.877028541172595,1.09429937370222,0.2,0.4,0.570588235294118
"Pogz_1",0.797838245649678,"Pogz",0.691725909381251,0.974914096320115,0,0,0
"Pogz_2",1.00093988316081,"Pogz",0.892419637950333,1.1140308858106,0.4,0.8,0.845776566757493
"Pogz_3",0.975672008169839,"Pogz",0.829159032053687,1.21136475815767,0.3,0.6,0.736708860759494
"Pole3_1",1.08249689566374,"Pole3",0.844031025280699,1.26971174569627,0.4,0.8,0.845776566757493
"Pole3_2",0.927678832632791,"Pole3",0.84661185215746,1.02533154327892,0.2,0.4,0.570588235294118
"Pole3_3",0.935643542542521,"Pole3",0.762852712177343,1.10153152573938,0.2,0.4,0.570588235294118
"PPP4R3A_1",0.970249348286419,"Ppp4r3a",0.85529948458394,1.04016856642902,0.5,1,1
"PPP4R3A_2",0.985097111433445,"Ppp4r3a",0.906206559461704,1.0934126701789,0.1,0.2,0.335930735930736
"PPP4R3A_3",0.951882121021729,"Ppp4r3a",0.807440433349938,1.0440976915324,0.4,0.8,0.845776566757493
"PPP4R3B_1",0.888295835546782,"Ppp4r3b",0.796926588336174,1.00102792257817,0.1,0.2,0.335930735930736
"PPP4R3B_2",0.983695564461872,"Ppp4r3b",0.887213718853542,1.04908095478829,0.3,0.6,0.736708860759494
"PPP4R3B_3",1.00263423966764,"Ppp4r3b",0.881068250356738,1.16525729887678,0.4,0.8,0.845776566757493
"Prmt1_1",2.26061014811948,"Prmt1",1.88639579515721,2.65793246469323,0,0,0
"Prmt1_2",2.40455637380777,"Prmt1",2.18663239406491,2.94614909624373,0,0,0
"Prmt1_3",2.51355524119567,"Prmt1",2.02116927078637,3.18078131034383,0,0,0
"Prmt2_1",1.01201634038982,"Prmt2",0.887082458917544,1.28918224431164,0.4,0.8,0.845776566757493
"Prmt2_2",0.981502747711876,"Prmt2",0.878769312305517,1.13351381397322,0.4,0.8,0.845776566757493
"Prmt2_3",0.949002261025697,"Prmt2",0.871259158676533,1.01019883497288,0.2,0.4,0.570588235294118
"Prmt8_1",1.11354057402432,"Prmt8",1.00865301029897,1.29297592455228,0,0,0
"Prmt8_2",1.10211149772873,"Prmt8",0.996467336161562,1.30836471473089,0.2,0.4,0.570588235294118
"Prmt8_3",0.991629888808689,"Prmt8",0.909090458217185,1.07086766469713,0.5,1,1
"Psip1_1",2.58448833160265,"Psip1",2.23185145073448,3.09548691164272,0,0,0
"Psip1_2",1.81051176068362,"Psip1",1.5824402631327,2.06689730166954,0,0,0
"Psip1_3",2.59403022847349,"Psip1",2.2577138764367,3.05700025600779,0,0,0
"Psma3_1",0.730916800323636,"Psma3",0.619004460233018,0.910216687355984,0,0,0
"Psma3_2",0.756379294751114,"Psma3",0.600985070765299,0.863802767020892,0,0,0
"Psma3_3",0.713084891615494,"Psma3",0.62367888816402,0.778441332208275,0,0,0
"Psmd1_1",0.749617014071489,"Psmd1",0.676814643090415,0.862914312008219,0,0,0
"Psmd1_2",0.937763276522034,"Psmd1",0.783672190334176,1.16324714454877,0.4,0.8,0.845776566757493
"Psmd1_3",0.97366806210574,"Psmd1",0.829198007732549,1.11140140868717,0.3,0.6,0.736708860759494
"Ptpn11_1",0.724159112192992,"Ptpn11",0.524042358699884,0.915721119919893,0,0,0
"Ptpn11_2",0.69801500123074,"Ptpn11",0.616544152939031,0.828911707493147,0,0,0
"Ptpn11_3",0.708394372382815,"Ptpn11",0.534202580596126,0.873873794236435,0,0,0
"Ptpn14_1",1.06025295630755,"Ptpn14",0.900947334665629,1.23677493882232,0.4,0.8,0.845776566757493
"Ptpn14_2",1.10579147452197,"Ptpn14",0.956793468944827,1.20900586821601,0.2,0.4,0.570588235294118
"Ptpn14_3",1.01430192475619,"Ptpn14",0.909196511401463,1.15606105543062,0.5,1,1
"Pwwp2b_1",1.19861603107778,"Pwwp2b",1.04713425532252,1.34806095531745,0,0,0
"Pwwp2b_2",1.1174008780006,"Pwwp2b",0.985688521839494,1.27234095559668,0.2,0.4,0.570588235294118
"Pwwp2b_3",1.12345611895091,"Pwwp2b",1.01861046892861,1.27889631963883,0,0,0
"Rad21_1",1.26227861147926,"Rad21",0.979462048693998,1.59448193107553,0.1,0.2,0.335930735930736
"Rad21_2",0.702316683349468,"Rad21",0.588443078186235,0.821347236051499,0,0,0
"Rad21_3",0.974662963863894,"Rad21",0.834450171782294,1.09810318323944,0.4,0.8,0.845776566757493
"Rai1_1",1.00404644128788,"Rai1",0.881429044787325,1.23279573968817,0.4,0.8,0.845776566757493
"Rai1_2",0.844825818097425,"Rai1",0.814773629409783,0.928955933589554,0,0,0
"Rai1_3",0.968274234638778,"Rai1",0.86306074701003,1.10896747967277,0.3,0.6,0.736708860759494
"Rasa1_1",1.26412234063729,"Rasa1",1.09813363389036,1.46247449128548,0,0,0
"Rasa1_2",1.28164644539049,"Rasa1",1.06667610002222,1.56514206865301,0,0,0
"Rasa1_3",1.06027034030178,"Rasa1",0.887210815635906,1.17713831752492,0.2,0.4,0.570588235294118
"Rb1_1",2.33617663519336,"Rb1",1.93699289989399,2.88898801856802,0,0,0
"Rb1_2",3.4440937889384,"Rb1",2.77826201408198,4.57194074836594,0,0,0
"Rb1_3",3.84341594768427,"Rb1",3.08082450302121,4.63678989930258,0,0,0
"Rbbp4_1",0.936482768221891,"Rbbp4",0.83810827622762,1.03480736281726,0.2,0.4,0.570588235294118
"Rbbp4_2",0.933989956259828,"Rbbp4",0.813741397477581,1.12848167998862,0.2,0.4,0.570588235294118
"Rbbp4_3",0.802844561642599,"Rbbp4",0.72909920301231,0.923328120349039,0,0,0
"Rbbp5_1",1.18046737359938,"Rbbp5",0.981373128620804,1.4050296515991,0.1,0.2,0.335930735930736
"Rbbp5_2",1.2060094838836,"Rbbp5",1.03840720473428,1.33854500204102,0,0,0
"Rbbp5_3",1.02115221897728,"Rbbp5",0.900399287336816,1.16641846540634,0.4,0.8,0.845776566757493
"Rbbp7_1",0.787721450378411,"Rbbp7",0.670603603561175,0.862903009484463,0,0,0
"Rbbp7_2",0.869650701861005,"Rbbp7",0.756770151774445,1.07965748875056,0.1,0.2,0.335930735930736
"Rbbp7_3",0.981198511788259,"Rbbp7",0.84605649980978,1.16951111490245,0.5,1,1
"Rbm10_1",1.82659451862691,"Rbm10",1.72281763400929,1.94251545117846,0,0,0
"Rbm10_2",1.47523664521293,"Rbm10",1.31920258489582,1.62279157599856,0,0,0
"Rbm10_3",1.0029906257427,"Rbm10",0.817358027947137,1.12077310996622,0.4,0.8,0.845776566757493
"Rere_1",1.0006297415553,"Rere",0.875215313662529,1.19181209144451,0.5,1,1
"Rere_2",0.957248368777984,"Rere",0.82406141075386,1.05258594383092,0.3,0.6,0.736708860759494
"Rere_3",1.1627082082795,"Rere",1.00014674648766,1.368177142239,0.1,0.2,0.335930735930736
"Ring1_1",0.990616349291311,"Ring1",0.867016832339646,1.0679252969166,0.3,0.6,0.736708860759494
"Ring1_2",1.29251467233063,"Ring1",1.08795217531288,1.60515855993759,0,0,0
"Ring1_3",1.53091570471981,"Ring1",1.2982146092382,1.73534218818949,0,0,0
"Rnf2_1",1.23523658398966,"Rnf2",1.05567523183586,1.47819646646286,0,0,0
"Rnf2_2",1.18975209673766,"Rnf2",1.02590551886369,1.27001054175815,0,0,0
"Rnf2_3",1.02104169468031,"Rnf2",0.894775583907712,1.12785702745707,0.3,0.6,0.736708860759494
"Rsu1_1",0.989615690898012,"Rsu1",0.893785413018239,1.10907789764885,0.5,1,1
"Rsu1_2",1.02932735270196,"Rsu1",0.917762767023738,1.12341790591841,0.4,0.8,0.845776566757493
"Rsu1_3",0.874941977130478,"Rsu1",0.746610121634441,0.989819486658568,0,0,0
"Rtf1_1",0.652174886163483,"Rtf1",0.573307786185515,0.719203820511922,0,0,0
"Rtf1_2",0.68587244108111,"Rtf1",0.602163390773943,0.785300060055877,0,0,0
"Rtf1_3",0.802192837300269,"Rtf1",0.592750208158252,0.911631969570759,0,0,0
"Ruvbl1_1",0.618873421283422,"Ruvbl1",0.544354478116744,0.700034147708062,0,0,0
"Ruvbl1_2",0.714234197353338,"Ruvbl1",0.586594449005777,0.842790602941898,0,0,0
"Ruvbl1_3",0.766085136917465,"Ruvbl1",0.653970626791275,0.892224817639113,0,0,0
"Ruvbl2_1",0.684725054188976,"Ruvbl2",0.6107409631282,0.801846523063646,0,0,0
"Ruvbl2_2",0.823876499403861,"Ruvbl2",0.740535076724606,0.94217838181985,0,0,0
"Ruvbl2_3",0.686129898141794,"Ruvbl2",0.539810656931865,0.861250304237555,0,0,0
"Scmh1_1",1.26502274476735,"Scmh1",1.06867225832302,1.47803699966886,0,0,0
"Scmh1_2",1.04961536212035,"Scmh1",0.883401819582156,1.18642740933423,0.4,0.8,0.845776566757493
"Scmh1_3",1.12858164201651,"Scmh1",0.951041820395644,1.32634320689525,0.2,0.4,0.570588235294118
"Set_1",0.831311891409062,"Set",0.717338662195876,0.990418071828743,0.1,0.2,0.335930735930736
"Set_2",0.79598167213081,"Set",0.66270202614166,0.973251546584547,0,0,0
"Set_3",1.03759168868198,"Set",0.888782304218384,1.16045342009109,0.3,0.6,0.736708860759494
"Setd1a_1",0.951305223925313,"Setd1a",0.806902121653468,1.30045602409934,0.2,0.4,0.570588235294118
"Setd1a_2",0.945689828549454,"Setd1a",0.760936460989479,1.10765458794824,0.3,0.6,0.736708860759494
"Setd1a_3",0.853211396765953,"Setd1a",0.7797420377822,0.991381055988986,0.1,0.2,0.335930735930736
"Setd2_1",6.251251050922,"Setd2",5.45683069853307,7.3275976516781,0,0,0
"Setd2_3",3.51121263383903,"Setd2",3.19536422102347,3.86090931808913,0,0,0
"Setd3_1",0.762585112042098,"Setd3",0.66266725518923,0.884014213378309,0,0,0
"Setd3_2",0.789666726529566,"Setd3",0.67804873193696,0.908892839332161,0,0,0
"Setd3_3",0.989481866449251,"Setd3",0.908071828850168,1.07041423083392,0.4,0.8,0.845776566757493
"Setd5_1",1.06800119423458,"Setd5",0.914626410014862,1.2012085215063,0.4,0.8,0.845776566757493
"Setd5_2",1.04247720765327,"Setd5",0.909654234841971,1.26405067895037,0.4,0.8,0.845776566757493
"Setd5_3",1.15348332936839,"Setd5",1.04494288326368,1.28417616840194,0,0,0
"Setd7_1",0.981591033908453,"Setd7",0.833212962621719,1.07143686610697,0.5,1,1
"Setd7_2",0.963718263561053,"Setd7",0.882498333844372,1.09712219870967,0.3,0.6,0.736708860759494
"Setd7_3",1.1172106742411,"Setd7",0.945996971302719,1.29735263569815,0.1,0.2,0.335930735930736
"sgNeo1",1.0086138715252,"sgNeo1",0.869464873622066,1.12008981494933,0.4,0.8,0.845776566757493
"sgNeo2",0.848212965621644,"sgNeo2",0.739091496405703,0.95330645385909,0,0,0
"sgNeo3",0.738007854069112,"sgNeo3",0.649609987418949,0.831467169767678,0,0,0
"sgNT1",1.00642024301398,"sgNT1",0.90793145929654,1.08930131261753,0.3,0.6,0.736708860759494
"sgNT2",0.912406846019417,"sgNT2",0.864174495475617,0.984235225738932,0,0,0
"sgNT3",1.08583067142018,"sgNT3",0.990761511632282,1.21067721487232,0.2,0.4,0.570588235294118
"sgNT4",0.974255521828834,"sgNT4",0.882871321872949,1.05326658608611,0.3,0.6,0.736708860759494
"sgNT5",0.944561403990124,"sgNT5",0.825842460299659,1.03295758378807,0.1,0.2,0.335930735930736
"sgSafe1",1.1739955286996,"sgSafe1",0.95445579902879,1.33722429025171,0.1,0.2,0.335930735930736
"sgSafe10",0.920130259625707,"sgSafe10",0.832055071946852,1.01635593447201,0.1,0.2,0.335930735930736
"sgSafe11",1.29633060451853,"sgSafe11",1.05847897453509,1.60113534789913,0,0,0
"sgSafe12",0.93563778520673,"sgSafe12",0.852510325190943,1.00928887928433,0.1,0.2,0.335930735930736
"sgSafe13",0.977507568167943,"sgSafe13",0.867583093042776,1.05781573620273,0.5,1,1
"sgSafe14",1.11912976113625,"sgSafe14",0.980211222359324,1.32522558433524,0.1,0.2,0.335930735930736
"sgSafe15",1.1396323683871,"sgSafe15",1.00086171313772,1.38266093322035,0.1,0.2,0.335930735930736
"sgSafe16",1.00035763956604,"sgSafe16",0.9017132278689,1.12125512373957,0.3,0.6,0.736708860759494
"sgSafe17",1.07915346629061,"sgSafe17",0.970519594359454,1.173240793358,0.1,0.2,0.335930735930736
"sgSafe18",0.842766897154175,"sgSafe18",0.710829986451176,0.995229701035885,0.1,0.2,0.335930735930736
"sgSafe19",1.08036992396405,"sgSafe19",0.924582426282409,1.26240400280652,0.1,0.2,0.335930735930736
"sgSafe2",1.13096717716595,"sgSafe2",0.920952347894659,1.34872364432234,0.1,0.2,0.335930735930736
"sgSafe20",1.08251402297013,"sgSafe20",0.940370310876872,1.40180197431149,0.4,0.8,0.845776566757493
"sgSafe21",1.15816302329056,"sgSafe21",1.03113120475471,1.34819853454102,0,0,0
"sgSafe22",1.00875906092357,"sgSafe22",0.920313682822426,1.07764218513567,0.4,0.8,0.845776566757493
"sgSafe23",0.805301124543186,"sgSafe23",0.648837645784212,0.925039981192306,0,0,0
"sgSafe24",1.01972077620069,"sgSafe24",0.919441411949386,1.11998429007878,0.4,0.8,0.845776566757493
"sgSafe25",1.0379477523157,"sgSafe25",0.885646933771685,1.18974628070217,0.4,0.8,0.845776566757493
"sgSafe26",1.1547494883716,"sgSafe26",1.05465287568345,1.29735263569815,0,0,0
"sgSafe27",0.988839617878979,"sgSafe27",0.798229558772662,1.19086363771093,0.3,0.6,0.736708860759494
"sgSafe28",1.01335274452055,"sgSafe28",0.906782427620358,1.10008005806111,0.5,1,1
"sgSafe29",0.899320737502987,"sgSafe29",0.805316096212906,0.99351479144556,0.1,0.2,0.335930735930736
"sgSafe3",0.971732225286356,"sgSafe3",0.891550628450755,1.09642140469323,0.3,0.6,0.736708860759494
"sgSafe30",0.976026061459768,"sgSafe30",0.854266325997458,1.07292792796081,0.4,0.8,0.845776566757493
"sgSafe31",0.953544534530785,"sgSafe31",0.834958055834395,1.08852930180255,0.2,0.4,0.570588235294118
"sgSafe32",0.958960892583503,"sgSafe32",0.903520256343475,1.03627585694108,0.2,0.4,0.570588235294118
"sgSafe33",0.998143311607465,"sgSafe33",0.899457315964442,1.05566984565221,0.3,0.6,0.736708860759494
"sgSafe34",0.92798282981789,"sgSafe34",0.84038518512713,1.0306451406461,0.1,0.2,0.335930735930736
"sgSafe35",0.903131969916161,"sgSafe35",0.828166817542136,1.02493273671404,0.1,0.2,0.335930735930736
"sgSafe36",1.01086486159484,"sgSafe36",0.941553799838881,1.09770686174762,0.5,1,1
"sgSafe37",1.13565595753435,"sgSafe37",1.00742819620195,1.31976312794821,0,0,0
"sgSafe38",1.05257622352431,"sgSafe38",0.949495587202372,1.21361322235224,0.3,0.6,0.736708860759494
"sgSafe39",0.977156912304496,"sgSafe39",0.863352886470848,1.0885670908739,0.4,0.8,0.845776566757493
"sgSafe4",0.986574086852112,"sgSafe4",0.85184460093329,1.10785692334133,0.3,0.6,0.736708860759494
"sgSafe40",0.944318501868994,"sgSafe40",0.782125853162353,1.14264812191149,0.2,0.4,0.570588235294118
"sgSafe41",1.04259954735554,"sgSafe41",0.981264435371073,1.15158513985493,0.3,0.6,0.736708860759494
"sgSafe42",0.976954698556768,"sgSafe42",0.868045444744865,1.14377422302788,0.4,0.8,0.845776566757493
"sgSafe5",1.06108856553338,"sgSafe5",0.931714280687909,1.19023100418414,0.1,0.2,0.335930735930736
"sgSafe6",1.03845735521767,"sgSafe6",0.89593344294845,1.14826875459959,0.2,0.4,0.570588235294118
"sgSafe7",0.882714308685283,"sgSafe7",0.782465180040497,0.977040299042936,0,0,0
"sgSafe8",1.12269924784033,"sgSafe8",1.00416822212593,1.34297144603865,0.1,0.2,0.335930735930736
"sgSafe9",1.05900656405904,"sgSafe9",0.930066092166557,1.16243951652048,0.3,0.6,0.736708860759494
"Sirt1_1",0.863415772342447,"Sirt1",0.77425527659865,0.99281580674876,0.1,0.2,0.335930735930736
"Sirt1_2",0.952239623343655,"Sirt1",0.827969382483441,1.05275298131056,0.3,0.6,0.736708860759494
"Sirt1_3",0.818058438277184,"Sirt1",0.755963596513182,0.926011023506048,0,0,0
"Sirt2_1",0.917740944278608,"Sirt2",0.828815646836978,1.07321309874339,0.1,0.2,0.335930735930736
"Sirt2_2",1.15249718983063,"Sirt2",1.02012410732517,1.38283973376747,0,0,0
"Sirt2_3",1.01479597007917,"Sirt2",0.820378308013367,1.23498941218537,0.5,1,1
"Sirt7_1",0.736123689380726,"Sirt7",0.651894888908892,0.847317199777796,0,0,0
"Sirt7_2",0.907672134998293,"Sirt7",0.816329647980638,1.05298561099462,0.1,0.2,0.335930735930736
"Sirt7_3",0.856287204969034,"Sirt7",0.704780581605121,0.993172155930114,0,0,0
"Smarca2_1",1.14401517376953,"Smarca2",0.939764498021169,1.44583490869232,0.1,0.2,0.335930735930736
"Smarca2_2",0.937212315794316,"Smarca2",0.87407957402055,1.00512924001124,0.1,0.2,0.335930735930736
"Smarca2_3",1.0774161008135,"Smarca2",0.855929105841657,1.3542990748865,0.3,0.6,0.736708860759494
"Smarca4_1",0.835513621574257,"Smarca4",0.681802550694412,0.971108585236031,0,0,0
"Smarca4_2",0.818755428710319,"Smarca4",0.698956815063853,0.948822770518792,0,0,0
"Smarca4_3",0.996534586039289,"Smarca4",0.883893862473704,1.17658833028791,0.4,0.8,0.845776566757493
"Smarca5_1",0.846111864583403,"Smarca5",0.698592143305073,0.949167673518023,0,0,0
"Smarca5_2",0.810507912404844,"Smarca5",0.775022551968822,0.859688208169585,0,0,0
"Smarca5_3",0.670199374560291,"Smarca5",0.532857612635948,0.75628806137453,0,0,0
"Smarcb1_1",1.09276016316688,"Smarcb1",0.888190187639436,1.25492745833491,0.3,0.6,0.736708860759494
"Smarcb1_2",0.936497431903978,"Smarcb1",0.821579650692726,1.05019405912018,0.2,0.4,0.570588235294118
"Smarcb1_3",0.73425988910693,"Smarcb1",0.632367177062911,0.884882181170356,0,0,0
"Smarcc1_1",1.09488725774243,"Smarcc1",0.989589283307852,1.24403915539065,0.2,0.4,0.570588235294118
"Smarcc1_2",0.929391673393541,"Smarcc1",0.847432616816654,1.04403302409849,0.2,0.4,0.570588235294118
"Smarcc1_3",0.882523677917707,"Smarcc1",0.806025922530913,0.945390618402072,0,0,0
"Smarcc2_1",1.72359782741922,"Smarcc2",1.22790219058311,2.34481286131138,0,0,0
"Smarcc2_2",1.43256729136918,"Smarcc2",1.14874426297682,1.65600052627974,0,0,0
"Smarcc2_3",1.4809315095118,"Smarcc2",1.3693084325906,1.59865307084882,0,0,0
"Smarcd2_1",0.800257043031821,"Smarcd2",0.664396964754063,0.973792086634656,0.1,0.2,0.335930735930736
"Smarcd2_2",0.993023598525821,"Smarcd2",0.835559875015683,1.35628921694158,0.3,0.6,0.736708860759494
"Smarcd2_3",1.04585317799823,"Smarcd2",0.970216296013543,1.13774616243631,0.1,0.2,0.335930735930736
"Smarce1_1",0.815521738569559,"Smarce1",0.703531148070327,0.98495689967963,0,0,0
"Smarce1_2",0.82374049036964,"Smarce1",0.68806453876202,0.934066423776667,0,0,0
"Smarce1_3",0.796986558041215,"Smarce1",0.672066322476276,0.870806182295964,0,0,0
"Smc1a_1",0.707674403723118,"Smc1a",0.540506180170654,0.80966466372405,0,0,0
"Smc1a_2",0.643206020320346,"Smc1a",0.568205124944057,0.761462495881141,0,0,0
"Smc1a_3",0.860452659553853,"Smc1a",0.769941551807792,0.9952297570696,0.1,0.2,0.335930735930736
"Smc3_1",0.848015575581059,"Smc3",0.730610617271441,1.02058243270118,0.2,0.4,0.570588235294118
"Smc3_2",0.940462166812198,"Smc3",0.84799874870858,1.0707522681337,0.3,0.6,0.736708860759494
"Smc3_3",0.792277356095591,"Smc3",0.723985765444795,0.876067981477443,0,0,0
"Smn1_1",0.579454160136022,"Smn1",0.509390472334287,0.690116171551392,0,0,0
"Smn1_2",1.02664716235873,"Smn1",0.875892939170399,1.20358693882108,0.5,1,1
"Smn1_3",0.799451147776781,"Smn1",0.644452370251792,1.19124922825356,0.2,0.4,0.570588235294118
"Smndc1_1",0.826637782066821,"Smndc1",0.659494531558983,1.08899430331497,0.3,0.6,0.736708860759494
"Smndc1_2",1.09838830942864,"Smndc1",0.976298214447459,1.2799370722988,0.2,0.4,0.570588235294118
"Smndc1_3",1.00564087151905,"Smndc1",0.820545772858353,1.19497169236138,0.5,1,1
"Snd1_1",0.918689764276275,"Snd1",0.784792508383476,1.00241862016625,0.1,0.2,0.335930735930736
"Snd1_2",0.976914728618044,"Snd1",0.845173227571664,1.09975225003616,0.4,0.8,0.845776566757493
"Snd1_3",0.857387626211093,"Snd1",0.744134412221852,0.89928797278857,0,0,0
"Sos2_1",0.706317792469367,"Sos2",0.621251696186539,0.817540234358456,0,0,0
"Sos2_2",0.90921119717352,"Sos2",0.750446724613837,1.09064377322367,0.2,0.4,0.570588235294118
"Sos2_3",0.690781335795212,"Sos2",0.599088650941284,0.806622706036258,0,0,0
"Sp100_1",0.994188830012803,"Sp100",0.916480048633162,1.1094274870835,0.3,0.6,0.736708860759494
"Sp100_2",1.02036010795442,"Sp100",0.954514584784741,1.09517033166242,0.3,0.6,0.736708860759494
"Sp100_3",1.0443868952783,"Sp100",0.921475675555437,1.1488964668686,0.3,0.6,0.736708860759494
"Sp140_1",0.569366480094662,"Sp140",0.466690623113303,0.739440637852694,0,0,0
"Sp140_2",0.91940041411683,"Sp140",0.853609067459417,1.00085145387074,0.1,0.2,0.335930735930736
"Sp140_3",1.10630206033487,"Sp140",0.970061916928578,1.22761265035418,0.1,0.2,0.335930735930736
"Srcap_1",0.73356714231564,"Srcap",0.635675459206982,0.829549098637217,0,0,0
"Srcap_2",0.966193764020574,"Srcap",0.841076962298583,1.0834704347586,0.4,0.8,0.845776566757493
"Srcap_3",1.2288909630464,"Srcap",1.05405328611512,1.41853628501217,0,0,0
"Stag1_1",0.782078856818396,"Stag1",0.703227969696096,0.870191747089997,0,0,0
"Stag1_2",0.836077833635879,"Stag1",0.771581014896859,0.932024496115126,0,0,0
"Stag1_3",0.890324964312064,"Stag1",0.844973620274489,0.984797700662669,0,0,0
"Stag2_1",3.48788901297911,"Stag2",3.04638566618884,4.01210353796521,0,0,0
"Stag2_2",3.86056268484226,"Stag2",2.59534458763372,4.73793126391174,0,0,0
"Stag2_3",4.58677119529139,"Stag2",3.98576935167117,5.02249419455866,0,0,0
"Stk11_1",10.4561992427367,"Stk11",8.49018177295582,13.1436814554508,0,0,0
"Stk11_2",10.0501454137834,"Stk11",9.2277987160518,11.9315897067303,0,0,0
"Stk11_3",9.19699618555846,"Stk11",7.566576316473,11.3374966922669,0,0,0
"Sty1_1",0.950070203303859,"Sty1",0.79350730272048,1.07883373982476,0.4,0.8,0.845776566757493
"Sty1_2",1.03084318113164,"Sty1",0.84911764514609,1.26407181319163,0.5,1,1
"Sty1_3",0.886721416739412,"Sty1",0.769321095192442,0.98931488079669,0,0,0
"Suz12_1",0.843504021864928,"Suz12",0.676195737521872,0.990541059492697,0.1,0.2,0.335930735930736
"Suz12_2",0.804923751479351,"Suz12",0.634656321750383,0.928781067770138,0,0,0
"Suz12_3",1.35146112551028,"Suz12",1.1811480907275,1.45024988512142,0,0,0
"Tbl1xr1_1",1.38429046816237,"Tbl1xr1",1.07069353436929,1.79603177022319,0,0,0
"Tbl1xr1_2",1.09679653175839,"Tbl1xr1",0.918680638664907,1.19979197738201,0.2,0.4,0.570588235294118
"Tbl1xr1_3",1.32395490246609,"Tbl1xr1",1.08707725399,1.51228795311522,0,0,0
"Tcf20_1",1.02384584442098,"Tcf20",0.954410808821116,1.13656313526709,0.5,1,1
"Tcf20_2",0.978653460117157,"Tcf20",0.818314803156028,1.10203031309994,0.3,0.6,0.736708860759494
"Tcf20_3",0.90693312035315,"Tcf20",0.782806619728359,1.02941226612491,0.2,0.4,0.570588235294118
"Tdg_1",0.911549696735759,"Tdg",0.83171476527693,1.04767408308417,0.1,0.2,0.335930735930736
"Tdg_2",0.96840639717981,"Tdg",0.881885051696444,1.05609092240276,0.4,0.8,0.845776566757493
"Tdg_3",0.900628803401804,"Tdg",0.834201175556067,0.981264557235586,0,0,0
"Tdrd3_1",1.16712329600287,"Tdrd3",1.04917236826795,1.37610189297528,0,0,0
"Tdrd3_2",1.266977207758,"Tdrd3",1.04479096099874,1.448445254368,0.1,0.2,0.335930735930736
"Tdrd3_3",1.04320623672728,"Tdrd3",0.914710914400503,1.21655214838246,0.3,0.6,0.736708860759494
"TET3_1",1.27037649799895,"Tet3",1.15678321063318,1.37526897213059,0,0,0
"TET3_2",1.24159662048673,"Tet3",1.06163194343551,1.53523168416286,0,0,0
"TET3_3",1.19462254043161,"Tet3",1.06920668181605,1.42332376144748,0,0,0
"Tfpt_1",0.971709479299261,"Tfpt",0.839054240352216,1.05773571204206,0.5,1,1
"Tfpt_2",1.01148511215494,"Tfpt",0.912437944407372,1.15315909053384,0.4,0.8,0.845776566757493
"Tfpt_3",0.754935197616383,"Tfpt",0.647601520692525,0.861274895013434,0,0,0
"Trim28_1",0.943371307619301,"Trim28",0.756583923908785,1.13232774039287,0.4,0.8,0.845776566757493
"Trim28_2",0.87126103319846,"Trim28",0.673668495127518,1.08725046297764,0.1,0.2,0.335930735930736
"Trim28_3",0.876704958609295,"Trim28",0.771356227096979,1.00815961226269,0.1,0.2,0.335930735930736
"Trrap_1",0.830580296618478,"Trrap",0.669814031081179,0.996508525594676,0.1,0.2,0.335930735930736
"Trrap_2",0.847420718939886,"Trrap",0.681620484918011,0.982021220482462,0,0,0
"Trrap_3",0.810234034223201,"Trrap",0.741328968365397,0.91956189894521,0,0,0
"Tsc1_1",2.50929001177607,"Tsc1",2.28333391599983,2.95130111797143,0,0,0
"Tsc1_2",3.7207143742549,"Tsc1",2.83478446624406,4.31959245280844,0,0,0
"Tsc1_3",2.86070961740784,"Tsc1",2.38508053373183,3.25069939260202,0,0,0
"Tulp3_1",1.00626215301155,"Tulp3",0.864653389510703,1.09973215281355,0.5,1,1
"Tulp3_2",0.909584066291605,"Tulp3",0.744946037183653,1.07455130879638,0.2,0.4,0.570588235294118
"Tulp3_3",1.02092098700263,"Tulp3",0.823385413923639,1.12319439384634,0.3,0.6,0.736708860759494
"Ube2q1_1",1.09690003665502,"Ube2q1",0.977307081961808,1.24099699121237,0.1,0.2,0.335930735930736
"Ube2q1_2",0.987402743625256,"Ube2q1",0.844600801714907,1.10146531175645,0.5,1,1
"Ube2q1_3",0.866627011106112,"Ube2q1",0.78347853659982,0.974063157402604,0,0,0
"Uhrf2_1",0.825685823514208,"Uhrf2",0.757609976575327,0.940619916932623,0,0,0
"Uhrf2_2",1.01491696700179,"Uhrf2",0.870647928570775,1.2079943960285,0.5,1,1
"Uhrf2_3",0.908863553921973,"Uhrf2",0.837519205270384,1.02292589094473,0.1,0.2,0.335930735930736
"Vangl1_1",1.00681439285069,"Vangl1",0.908544909240573,1.15009904987602,0.5,1,1
"Vangl1_2",1.07832596341611,"Vangl1",0.959897103271438,1.21590499137159,0.1,0.2,0.335930735930736
"Vangl1_3",1.06636600617132,"Vangl1",0.886452420796324,1.30848631754936,0.5,1,1
"Vcpkmt_1",1.12868195741645,"Vcpkmt",1.00472050005948,1.26467714609489,0,0,0
"Vcpkmt_2",0.897200932109391,"Vcpkmt",0.781813573633445,0.987647920445994,0,0,0
"Vcpkmt_3",0.832051979485209,"Vcpkmt",0.801137435099606,0.872200874996527,0,0,0
"Vps72_1",1.45798020449391,"Vps72",1.33329147167429,1.6177250528645,0,0,0
"Vps72_2",0.948460078794335,"Vps72",0.831614501762396,1.07003330751731,0.1,0.2,0.335930735930736
"Vps72_3",0.774220867820738,"Vps72",0.659562682434624,0.856397370183446,0,0,0
"Wapl_1",0.823931541836053,"Wapl",0.703960469001416,0.98147438507314,0.1,0.2,0.335930735930736
"Wapl_2",0.865950296351875,"Wapl",0.763059357762463,0.984222740495106,0,0,0
"Wapl_3",0.993870718459508,"Wapl",0.840280721417104,1.10733911481535,0.4,0.8,0.845776566757493
"Wnk1_1",0.753248016673245,"Wnk1",0.655909212831581,0.854424559833926,0,0,0
"Wnk1_2",0.854487323121897,"Wnk1",0.726346980685636,1.05354737926434,0.2,0.4,0.570588235294118
"Wnk1_3",1.04293244949442,"Wnk1",0.874163137681069,1.31233855476244,0.5,1,1
"Yeats4_1",0.688729557566996,"Yeats4",0.569916934050127,0.813134068271591,0,0,0
"Yeats4_2",0.724577687064453,"Yeats4",0.589655567176414,0.85230108251146,0,0,0
"Yeats4_3",0.852136305430139,"Yeats4",0.782968789307022,0.95894847973084,0,0,0
"Yy1_1",1.26936812374432,"Yy1",1.04837824059509,1.44663718502997,0,0,0
"Yy1_2",1.28298369215692,"Yy1",1.10759839089473,1.57791318028626,0,0,0
"Yy1_3",1.03768417997048,"Yy1",0.862379746058508,1.18931428289578,0.4,0.8,0.845776566757493
"Zbtb38_1",0.90185645894233,"Zbtb38",0.803507419500989,1.01005753480585,0.2,0.4,0.570588235294118
"Zbtb38_2",0.926290211448362,"Zbtb38",0.811126749657617,1.04864444066678,0.1,0.2,0.335930735930736
"Zbtb38_3",0.871725903539406,"Zbtb38",0.785399201108209,0.948650990924756,0,0,0
"Zbtb4_1",0.932749851127959,"Zbtb4",0.854524980668399,1.04371547791136,0.2,0.4,0.570588235294118
"Zbtb4_2",1.06860571092364,"Zbtb4",0.974909107862518,1.28673207933011,0.3,0.6,0.736708860759494
"Zbtb4_3",1.15809050758054,"Zbtb4",1.02641225406787,1.29300343257607,0,0,0
"Zmat3_1",0.989769937360336,"Zmat3",0.878689703785801,1.13743535988875,0.4,0.8,0.845776566757493
"Zmat3_2",1.05903788200361,"Zmat3",0.936262293726335,1.20819685907236,0.2,0.4,0.570588235294118
"Zmat3_3",1.07142396036589,"Zmat3",0.883274190541379,1.19787222790451,0.1,0.2,0.335930735930736
"Zmym5_1",0.840744035884187,"Zmym5",0.75238071170896,0.960734882671998,0,0,0
"Zmym5_2",1.05377193929729,"Zmym5",0.894007224891381,1.21920877432469,0.4,0.8,0.845776566757493
"Zmym5_3",0.996335174287649,"Zmym5",0.894021384223316,1.12285616628266,0.4,0.8,0.845776566757493
"Zmynd11_1",0.825476742987751,"Zmynd11",0.705321302305373,0.921974270563309,0,0,0
"Zmynd11_2",0.914397132301091,"Zmynd11",0.826037231005844,1.01137523270955,0.2,0.4,0.570588235294118
"Zmynd11_3",0.905297936614539,"Zmynd11",0.793961283705877,1.02539295353596,0.1,0.2,0.335930735930736
"Zmynd8_1",3.34483476973213,"Zmynd8",2.64687042912353,3.99151372431147,0,0,0
"Zmynd8_2",3.13361550345063,"Zmynd8",2.69424335680653,3.61854423761397,0,0,0
"Zmynd8_3",1.97626660493784,"Zmynd8",1.71242503269334,2.31120028047735,0,0,0
"Zzz3_1",0.726149207829348,"Zzz3",0.592425252035278,0.819084684252938,0,0,0
"Zzz3_2",1.0853644821999,"Zzz3",0.930634858589154,1.32240875972558,0.4,0.8,0.845776566757493
"Zzz3_3",0.856764964299304,"Zzz3",0.772524224370496,0.974965522017436,0,0,0
